-- 用户数据
INSERT INTO User (user_id, first_name, last_name, password, email, phone, created_at, language, location) VALUES
(0, 'Alice', 'Smith', 'password0', 'alice0@example.com', '1234567890', '2024-01-01 09:00:00', 'en', 'New York'),
(1, 'Bob', 'Johnson', 'password1', 'bob1@example.com', '1234567891', '2024-01-02 09:00:00', 'en', 'London'),
(2, 'Carol', 'Williams', 'password2', 'carol2@example.com', '1234567892', '2024-01-03 09:00:00', 'zh', 'Shanghai'),
(3, 'David', 'Brown', 'password3', 'david3@example.com', '1234567893', '2024-01-04 09:00:00', 'fr', 'Paris');

-- 股票数据
INSERT INTO Stock (stock_id, symbol, company_name, current_price, last_updated, exchange, volume, sector, market_cap, company_info, in_list) VALUES
(0, 'AAPL', 'Apple Inc.', 180.5, '2024-06-17 09:00:00', 'NASDAQ', '1000000', 'Technology', '2T', 'Apple company info', 1),
(1, 'GOOG', 'Alphabet Inc.', 2700.0, '2024-06-17 09:00:00', 'NASDAQ', '800000', 'Technology', '1.5T', 'Google company info', 1),
(2, 'TSLA', 'Tesla Inc.', 700.0, '2024-06-17 09:00:00', 'NASDAQ', '500000', 'Automotive', '800B', 'Tesla company info', 1),
(3, 'HSBC', 'HSBC Holdings', 40.0, '2024-06-17 09:00:00', 'LSE', '300000', 'Finance', '150B', 'HSBC company info', 1);

-- 订单数据
INSERT INTO `Order` (order_id, user_id, stock_id, order_type, quantity, price_per_share, total_value, date, status, duration) VALUES
(0, 0, 0, 'BUY', 10, 180.5, 1805, '2024-06-01 10:00:00', 'EXECUTED', 'GTC'),
(1, 0, 1, 'SELL', 5, 2700.0, 13500, '2024-06-02 11:00:00', 'PENDING', 'DAY'),
(2, 1, 2, 'BUY', 8, 700.0, 5600, '2024-06-03 12:00:00', 'EXECUTED', 'GTC'),
(3, 1, 3, 'SELL', 12, 40.0, 480, '2024-06-04 13:00:00', 'CANCELLED', 'DAY'),
(4, 2, 1, 'BUY', 15, 2700.0, 40500, '2024-06-05 14:00:00', 'EXECUTED', 'GTC'),
(5, 2, 0, 'SELL', 7, 180.5, 1263.5, '2024-06-06 15:00:00', 'PENDING', 'DAY'),
(6, 3, 3, 'BUY', 20, 40.0, 800, '2024-06-07 16:00:00', 'EXECUTED', 'GTC'),
(7, 3, 2, 'SELL', 9, 700.0, 6300, '2024-06-08 17:00:00', 'PENDING', 'DAY');

-- 持仓数据
INSERT INTO Holding (holding_id, user_id, stock_id, holding_number, average_price, cash, total_value, last_updated) VALUES
(0, 0, 0, 10, 180.5, 5000, 1805, '2024-06-10 09:00:00'),
(1, 0, 1, 5, 2700.0, 3000, 13500, '2024-06-11 09:00:00'),
(2, 1, 2, 8, 700.0, 4000, 5600, '2024-06-12 09:00:00'),
(3, 1, 3, 12, 40.0, 2000, 480, '2024-06-13 09:00:00'),
(4, 2, 1, 15, 2700.0, 6000, 40500, '2024-06-14 09:00:00'),
(5, 2, 0, 7, 180.5, 3500, 1263.5, '2024-06-15 09:00:00'),
(6, 3, 3, 20, 40.0, 8000, 800, '2024-06-16 09:00:00'),
(7, 3, 2, 9, 700.0, 9000, 6300, '2024-06-17 09:00:00');

-- 自选股数据
INSERT INTO Watchlist (watchlist_id, user_id, stock_id, display_name, created_at) VALUES
(0, 0, 0, 'Apple Inc.', '2024-06-01 09:00:00'),
(1, 1, 1, 'Alphabet Inc.', '2024-06-02 09:00:00'),
(2, 2, 2, 'Tesla Inc.', '2024-06-03 09:00:00'),
(3, 3, 3, 'HSBC Holdings', '2024-06-04 09:00:00');

-- 最近30天每天一条
INSERT INTO NetWorth (user_id, total_balance, stock_value, date_recorded) VALUES
-- user_id 0
(0, 10000, 7000, '2024-05-19'),
(0, 10050, 7050, '2024-05-20'),
(0, 10100, 7100, '2024-05-21'),
(0, 10150, 7150, '2024-05-22'),
(0, 10200, 7200, '2024-05-23'),
(0, 10250, 7250, '2024-05-24'),
(0, 10300, 7300, '2024-05-25'),
(0, 10350, 7350, '2024-05-26'),
(0, 10400, 7400, '2024-05-27'),
(0, 10450, 7450, '2024-05-28'),
(0, 10500, 7500, '2024-05-29'),
(0, 10550, 7550, '2024-05-30'),
(0, 10600, 7600, '2024-05-31'),
(0, 10650, 7650, '2024-06-01'),
(0, 10700, 7700, '2024-06-02'),
(0, 10750, 7750, '2024-06-03'),
(0, 10800, 7800, '2024-06-04'),
(0, 10850, 7850, '2024-06-05'),
(0, 10900, 7900, '2024-06-06'),
(0, 10950, 7950, '2024-06-07'),
(0, 11000, 8000, '2024-06-08'),
(0, 11050, 8050, '2024-06-09'),
(0, 11100, 8100, '2024-06-10'),
(0, 11150, 8150, '2024-06-11'),
(0, 11200, 8200, '2024-06-12'),
(0, 11250, 8250, '2024-06-13'),
(0, 11300, 8300, '2024-06-14'),
(0, 11350, 8350, '2024-06-15'),
(0, 11400, 8400, '2024-06-16'),
(0, 11450, 8450, '2024-06-17'),
-- user_id 1
(1, 20000, 12000, '2024-05-19'),
(1, 20050, 12050, '2024-05-20'),
(1, 20100, 12100, '2024-05-21'),
(1, 20150, 12150, '2024-05-22'),
(1, 20200, 12200, '2024-05-23'),
(1, 20250, 12250, '2024-05-24'),
(1, 20300, 12300, '2024-05-25'),
(1, 20350, 12350, '2024-05-26'),
(1, 20400, 12400, '2024-05-27'),
(1, 20450, 12450, '2024-05-28'),
(1, 20500, 12500, '2024-05-29'),
(1, 20550, 12550, '2024-05-30'),
(1, 20600, 12600, '2024-05-31'),
(1, 20650, 12650, '2024-06-01'),
(1, 20700, 12700, '2024-06-02'),
(1, 20750, 12750, '2024-06-03'),
(1, 20800, 12800, '2024-06-04'),
(1, 20850, 12850, '2024-06-05'),
(1, 20900, 12900, '2024-06-06'),
(1, 20950, 12950, '2024-06-07'),
(1, 21000, 13000, '2024-06-08'),
(1, 21050, 13050, '2024-06-09'),
(1, 21100, 13100, '2024-06-10'),
(1, 21150, 13150, '2024-06-11'),
(1, 21200, 13200, '2024-06-12'),
(1, 21250, 13250, '2024-06-13'),
(1, 21300, 13300, '2024-06-14'),
(1, 21350, 13350, '2024-06-15'),
(1, 21400, 13400, '2024-06-16'),
(1, 21450, 13450, '2024-06-17'),
-- user_id 2
(2, 30000, 21000, '2024-05-19'),
(2, 30050, 21050, '2024-05-20'),
(2, 30100, 21100, '2024-05-21'),
(2, 30150, 21150, '2024-05-22'),
(2, 30200, 21200, '2024-05-23'),
(2, 30250, 21250, '2024-05-24'),
(2, 30300, 21300, '2024-05-25'),
(2, 30350, 21350, '2024-05-26'),
(2, 30400, 21400, '2024-05-27'),
(2, 30450, 21450, '2024-05-28'),
(2, 30500, 21500, '2024-05-29'),
(2, 30550, 21550, '2024-05-30'),
(2, 30600, 21600, '2024-05-31'),
(2, 30650, 21650, '2024-06-01'),
(2, 30700, 21700, '2024-06-02'),
(2, 30750, 21750, '2024-06-03'),
(2, 30800, 21800, '2024-06-04'),
(2, 30850, 21850, '2024-06-05'),
(2, 30900, 21900, '2024-06-06'),
(2, 30950, 21950, '2024-06-07'),
(2, 31000, 22000, '2024-06-08'),
(2, 31050, 22050, '2024-06-09'),
(2, 31100, 22100, '2024-06-10'),
(2, 31150, 22150, '2024-06-11'),
(2, 31200, 22200, '2024-06-12'),
(2, 31250, 22250, '2024-06-13'),
(2, 31300, 22300, '2024-06-14'),
(2, 31350, 22350, '2024-06-15'),
(2, 31400, 22400, '2024-06-16'),
(2, 31450, 22450, '2024-06-17'),
-- user_id 3
(3, 40000, 31000, '2024-05-19'),
(3, 40050, 31050, '2024-05-20'),
(3, 40100, 31100, '2024-05-21'),
(3, 40150, 31150, '2024-05-22'),
(3, 40200, 31200, '2024-05-23'),
(3, 40250, 31250, '2024-05-24'),
(3, 40300, 31300, '2024-05-25'),
(3, 40350, 31350, '2024-05-26'),
(3, 40400, 31400, '2024-05-27'),
(3, 40450, 31450, '2024-05-28'),
(3, 40500, 31500, '2024-05-29'),
(3, 40550, 31550, '2024-05-30'),
(3, 40600, 31600, '2024-05-31'),
(3, 40650, 31650, '2024-06-01'),
(3, 40700, 31700, '2024-06-02'),
(3, 40750, 31750, '2024-06-03'),
(3, 40800, 31800, '2024-06-04'),
(3, 40850, 31850, '2024-06-05'),
(3, 40900, 31900, '2024-06-06'),
(3, 40950, 31950, '2024-06-07'),
(3, 41000, 32000, '2024-06-08'),
(3, 41050, 32050, '2024-06-09'),
(3, 41100, 32100, '2024-06-10'),
(3, 41150, 32150, '2024-06-11'),
(3, 41200, 32200, '2024-06-12'),
(3, 41250, 32250, '2024-06-13'),
(3, 41300, 32300, '2024-06-14'),
(3, 41350, 32350, '2024-06-15'),
(3, 41400, 32400, '2024-06-16'),
(3, 41450, 32450, '2024-06-17');

-- 最近半年每月一条
INSERT INTO NetWorth (user_id, total_balance, stock_value, date_recorded) VALUES
-- user_id 0
(0, 9000, 6000, '2024-01-01'),
(0, 9500, 6500, '2024-02-01'),
(0, 10000, 7000, '2024-03-01'),
(0, 10500, 7500, '2024-04-01'),
(0, 11000, 8000, '2024-05-01'),
(0, 11500, 8500, '2024-06-01'),
-- user_id 1
(1, 19000, 11000, '2024-01-01'),
(1, 19500, 11500, '2024-02-01'),
(1, 20000, 12000, '2024-03-01'),
(1, 20500, 12500, '2024-04-01'),
(1, 21000, 13000, '2024-05-01'),
(1, 21500, 13500, '2024-06-01'),
-- user_id 2
(2, 29000, 20000, '2024-01-01'),
(2, 29500, 20500, '2024-02-01'),
(2, 30000, 21000, '2024-03-01'),
(2, 30500, 21500, '2024-04-01'),
(2, 31000, 22000, '2024-05-01'),
(2, 31500, 22500, '2024-06-01'),
-- user_id 3
(3, 39000, 30000, '2024-01-01'),
(3, 39500, 30500, '2024-02-01'),
(3, 40000, 31000, '2024-03-01'),
(3, 40500, 31500, '2024-04-01'),
(3, 41000, 32000, '2024-05-01'),
(3, 41500, 32500, '2024-06-01'); 